name,surname,function,email,country,phone,language,gender,birthdate,linkedin
John,Doe,Manager,john.doe@email.com,USA,1234567890,English,Male,6/15/1985,https://www.linkedin.com/in/sabina-popescu-8862382ba/
Jane,Smith,Developer,jane.smith@email.com,Canada,14165550123,English,Female,4/10/1990,https://www.linkedin.com/in/dmitrii-belih-a9198a2b1/
Carlos,Martinez,Designer,carlos.m@email.com,Spain,34911234567,Spanish,Male,9/25/1988,https://www.linkedin.com/in/mihaelacatan/
Maria,Rossi,Analyst,maria.r@email.com,Italy,3902712000,Italian,Female,3/17/1992
Akira,Yamamoto,Engineer,akira.y@email.com,Japan,81345678901,Japanese,Male,12/5/1987
Fatima,Ahmed,Consultant,fatima.a@email.com,UAE,971501000,Arabic,Female,11/2/1995
Lars,Eriksson,Architect,lars.e@email.com,Sweden,46701234567,Swedish,Male,8/9/1983
Chen,Wei,Researcher,chen.wei@email.com,China,86139000005,Chinese,Male,1/22/1991
Anna,M�ller,Teacher,anna.m@email.com,Germany,4.91512E+13,German,Female,5/30/1986
Priya,Singh,Scientist,priya.s@email.com,India,9.19812E+12,Hindi,Female,7/14/1993
